{"name":"t:sections.footer.name","type":"footer","sections":{"newsletter_cLtwFE":{"type":"newsletter","blocks":{"heading_crFDMC":{"type":"heading","settings":{"heading":"Subscribe to our emails","heading_size":"h1"}},"paragraph_jk7p3g":{"type":"paragraph","settings":{"text":"<p>Be the first to know about new collections and exclusive offers.<\/p>"}},"email_form_cqAgnf":{"type":"email_form","settings":{}}},"block_order":["heading_crFDMC","paragraph_jk7p3g","email_form_cqAgnf"],"settings":{"color_scheme":"","full_width":true,"padding_top":40,"padding_bottom":52}},"footer":{"type":"footer","blocks":{"brand-information":{"type":"brand_information","settings":{"show_social":true}}},"block_order":["brand-information"],"settings":{"color_scheme":"scheme-1","newsletter_enable":false,"newsletter_heading":"Subscribe to our emails","enable_follow_on_shop":false,"show_social":false,"enable_country_selector":true,"enable_language_selector":true,"payment_enable":true,"show_policy":true,"margin_top":0,"padding_top":56,"padding_bottom":52}}},"order":["newsletter_cLtwFE","footer"]}