{"sections":{"slideshow_WJR4Yi":{"type":"slideshow","blocks":{"slide_VLXcFN":{"type":"slide","settings":{"image":"shopify:\/\/shop_images\/DSCF1088.jpg","image_overlay_opacity":0,"heading":"","heading_size":"h1","subheading":"","button_label":"","link":"","button_style_secondary":false,"show_text_box":false,"box_align":"middle-center","text_alignment":"center","text_alignment_mobile":"center","color_scheme":"scheme-1"}},"slide_zFMDpV":{"type":"slide","settings":{"image":"shopify:\/\/shop_images\/DSCF1109.jpg","image_overlay_opacity":0,"heading":"","heading_size":"h1","subheading":"","button_label":"","link":"","button_style_secondary":false,"show_text_box":false,"box_align":"middle-center","text_alignment":"center","text_alignment_mobile":"center","color_scheme":"scheme-1"}},"slide_PeMW98":{"type":"slide","settings":{"image":"shopify:\/\/shop_images\/DSCF0076_6b296afb-6ac9-4d35-b2bc-5eba0e44b0d1.jpg","image_overlay_opacity":0,"heading":"","heading_size":"h2","subheading":"","button_label":"","link":"","button_style_secondary":false,"show_text_box":false,"box_align":"middle-center","text_alignment":"center","text_alignment_mobile":"center","color_scheme":""}},"slide_dDTyKM":{"type":"slide","settings":{"image":"shopify:\/\/shop_images\/DSCF0167_f4cae5db-417f-4faf-8162-b5a31bb80542.jpg","image_overlay_opacity":0,"heading":"","heading_size":"h2","subheading":"","button_label":"","link":"","button_style_secondary":false,"show_text_box":false,"box_align":"middle-center","text_alignment":"center","text_alignment_mobile":"center","color_scheme":""}}},"block_order":["slide_VLXcFN","slide_zFMDpV","slide_PeMW98","slide_dDTyKM"],"settings":{"layout":"grid","slide_height":"small","slider_visual":"dots","auto_rotate":true,"change_slides_speed":5,"image_behavior":"none","show_text_below":true,"accessibility_info":"Slideshow about our brand"}},"featured_collection":{"type":"featured-collection","settings":{"collection":"all","products_to_show":24,"title":"","heading_size":"h2","description":"","show_description":false,"description_style":"body","columns_desktop":4,"enable_desktop_slider":false,"full_width":false,"show_view_all":true,"view_all_style":"outline","color_scheme":"scheme-1","image_ratio":"square","image_shape":"default","show_secondary_image":true,"show_vendor":false,"show_rating":false,"quick_add":"none","columns_mobile":"2","swipe_on_mobile":false,"padding_top":0,"padding_bottom":36}},"featured_product_6x67rd":{"type":"featured-product","blocks":{"text_BbwnXe":{"type":"text","settings":{"text":"{{ section.settings.product.vendor }}","text_style":"uppercase"}},"title_tGFDLQ":{"type":"title","settings":{"heading_size":"h1"}},"price_rVHE3T":{"type":"price","settings":{}},"variant_picker_6hac34":{"type":"variant_picker","settings":{"picker_type":"button","swatch_shape":"circle"}},"quantity_selector_XHhUFV":{"type":"quantity_selector","settings":{}},"buy_buttons_gcLfxL":{"type":"buy_buttons","settings":{"show_dynamic_checkout":true,"show_gift_card_recipient":true}},"share_a67MYR":{"type":"share","settings":{"share_label":"Share"}}},"block_order":["text_BbwnXe","title_tGFDLQ","price_rVHE3T","variant_picker_6hac34","quantity_selector_XHhUFV","buy_buttons_gcLfxL","share_a67MYR"],"name":"t:sections.featured-product.presets.name","settings":{"product":"bideshi-folk-tee","color_scheme":"","secondary_background":false,"media_size":"medium","constrain_to_viewport":true,"media_fit":"contain","media_position":"left","image_zoom":"lightbox","hide_variants":false,"enable_video_looping":false,"padding_top":36,"padding_bottom":36}}},"order":["slideshow_WJR4Yi","featured_product_6x67rd","featured_collection"]}